Name,Age,City,Gender,Email,Join Date
William Martinez,30.0,Jacksonville,F,william.martinez@test.org,29-09-2022
Barbara Martinez,47.0,Washington,,,16-01-2023
Thomas Johnson,46.0,Phoenix,F,thomas.johnson@example.com,13-10-2020
Sarah Gonzalez,42.0,Charlotte,M,sarah.gonzalez@example.com,13-05-2019
Karen Johnson,48.0,,F,karen.johnson@mail.com,04-03-2022
Michael Davis,48.0,,M,,30-04-2022
Robert Martinez,40.0,San Francisco,F,robert.martinez@example.com,07-03-2024
David Lopez,69.0,San Diego,F,david.lopez@test.org,29-06-2022
Mary Miller,,Philadelphia,F,mary.miller@example.com,08-09-2020
Barbara Jones,,Dallas,M,barbara.jones@example.com,02-03-2023
Jennifer Wilson,,Philadelphia,F,jennifer.wilson@example.com,18-05-2019
Patricia Jones,42.0,Chicago,M,patricia.jones@example.com,03-04-2022
Patricia Wilson,39.0,New York,F,patricia.wilson@test.org,
David Martinez,23.0,Fort Worth,F,david.martinez@example.com,11-07-2021
Karen Martin,30.0,San Jose,F,karen.martin@mail.com,18-11-2021
James Moore,31.0,New York,F,james.moore@domain.net,31-05-2021
Michael Martinez,68.0,Fort Worth,M,,28-03-2018
William Lopez,32.0,Dallas,M,william.lopez@test.org,21-08-2024
Barbara Martinez,47.0,Washington,,,16-01-2023
Sarah Martin,,San Diego,M,sarah.martin@example.com,22-12-2024
Linda Hernandez,,San Antonio,F,linda.hernandez@example.com,
Sarah Moore,49.0,Chicago,,sarah.moore@example.com,04-01-2020
William Anderson,62.0,Phoenix,M,,08-05-2019
Joseph Taylor,39.0,Los Angeles,,,07-05-2019
Jennifer Brown,41.0,Fort Worth,M,jennifer.brown@domain.net,22-05-2025
Sarah Martinez,41.0,San Antonio,M,sarah.martinez@test.org,28-11-2021
Thomas Moore,30.0,Charlotte,M,thomas.moore@example.com,31-05-2018
Elizabeth Davis,,Houston,M,elizabeth.davis@example.com,23-01-2021
Karen Hernandez,29.0,San Antonio,M,karen.hernandez@domain.net,13-02-2021
Karen Lopez,44.0,San Diego,,karen.lopez@domain.net,20-07-2020
Linda Gonzalez,57.0,New York,F,,16-07-2019
Susan Anderson,24.0,Indianapolis,M,susan.anderson@test.org,10-12-2021
Jennifer Brown,59.0,Fort Worth,F,jennifer.brown@mail.com,21-10-2022
Karen Williams,20.0,Chicago,F,karen.williams@test.org,09-02-2022
William Thomas,37.0,Austin,M,william.thomas@domain.net,
Sarah Martin,29.0,Phoenix,M,sarah.martin@test.org,04-11-2021
Richard Anderson,69.0,Seattle,F,richard.anderson@test.org,11-10-2023
Michael Wilson,60.0,Houston,F,michael.wilson@example.com,15-10-2018
Michael Rodriguez,58.0,Austin,F,michael.rodriguez@test.org,05-02-2024
Michael Miller,19.0,New York,F,,
Mary Anderson,39.0,,M,mary.anderson@test.org,08-06-2024
James Garcia,30.0,Charlotte,M,james.garcia@example.com,17-10-2021
Joseph Garcia,37.0,Philadelphia,M,joseph.garcia@example.com,27-03-2024
Mary Thomas,26.0,Los Angeles,F,mary.thomas@domain.net,16-09-2022
Karen Lopez,44.0,San Diego,,karen.lopez@domain.net,20-07-2020
Charles Moore,58.0,Chicago,M,,02-08-2022
Jessica Williams,22.0,Charlotte,F,jessica.williams@domain.net,01-06-2025
William Brown,20.0,San Francisco,M,william.brown@mail.com,26-03-2022
James Anderson,60.0,Austin,M,james.anderson@domain.net,12-04-2023
Linda Smith,46.0,Jacksonville,F,linda.smith@domain.net,06-01-2024
John Thomas,19.0,Dallas,F,john.thomas@example.com,02-09-2021
Michael Johnson,21.0,Jacksonville,F,michael.johnson@test.org,24-06-2023
David Moore,21.0,Los Angeles,M,david.moore@mail.com,
John Thomas,67.0,Austin,F,john.thomas@test.org,01-12-2020
Patricia Jones,20.0,Houston,M,patricia.jones@test.org,20-03-2025
Thomas Brown,55.0,Indianapolis,M,thomas.brown@test.org,06-09-2025
Thomas Martinez,,Jacksonville,M,thomas.martinez@example.com,11-10-2024
Michael Miller,19.0,New York,F,,
James Anderson,52.0,,M,james.anderson@domain.net,13-06-2023
Jessica Lopez,35.0,San Jose,F,jessica.lopez@example.com,17-10-2022
William Brown,19.0,San Antonio,M,william.brown@domain.net,28-04-2023
Linda Martinez,45.0,Phoenix,F,linda.martinez@example.com,
Joseph Taylor,40.0,Chicago,M,joseph.taylor@example.com,
Barbara Thomas,22.0,Fort Worth,M,barbara.thomas@domain.net,18-02-2018
Charles Johnson,53.0,Dallas,M,charles.johnson@test.org,07-01-2024
Richard Garcia,,Houston,M,richard.garcia@domain.net,24-10-2024
Elizabeth Johnson,,San Antonio,F,elizabeth.johnson@domain.net,04-03-2023
James Garcia,30.0,Charlotte,M,james.garcia@example.com,17-10-2021
Robert Gonzalez,22.0,Chicago,F,robert.gonzalez@mail.com,
Jessica Taylor,65.0,Charlotte,M,jessica.taylor@mail.com,07-06-2020
Jessica Smith,53.0,Dallas,M,jessica.smith@example.com,11-03-2019
Karen Smith,26.0,Chicago,M,,15-08-2020
Karen Moore,,Chicago,F,karen.moore@mail.com,30-11-2022
James Gonzalez,53.0,Seattle,M,james.gonzalez@example.com,08-08-2018
Michael Jones,22.0,Phoenix,F,michael.jones@mail.com,11-08-2024
Michael Taylor,51.0,Fort Worth,M,michael.taylor@example.com,
Jennifer Brown,41.0,Fort Worth,M,jennifer.brown@domain.net,22-05-2025
Michael Jones,22.0,Phoenix,F,michael.jones@mail.com,11-08-2024
Sarah Johnson,18.0,Austin,,sarah.johnson@example.com,10-07-2025
Michael Hernandez,18.0,,M,michael.hernandez@domain.net,16-01-2022
Michael Martin,47.0,,M,michael.martin@domain.net,14-06-2025
Linda Moore,33.0,Charlotte,F,linda.moore@test.org,28-05-2025
Jennifer Smith,58.0,San Diego,M,,13-09-2018
Michael Johnson,62.0,Seattle,M,michael.johnson@mail.com,21-08-2023
Sarah Jones,55.0,Jacksonville,F,sarah.jones@domain.net,20-04-2018
David Lopez,69.0,San Diego,F,david.lopez@test.org,29-06-2022
John Davis,33.0,San Diego,M,john.davis@domain.net,06-08-2022
Jennifer Davis,62.0,Chicago,M,jennifer.davis@example.com,14-05-2019
Patricia Jones,42.0,Chicago,M,patricia.jones@example.com,03-04-2022
Charles Moore,59.0,San Francisco,F,charles.moore@domain.net,20-06-2023
Linda Lopez,69.0,Charlotte,M,linda.lopez@test.org,10-05-2022
Michael Anderson,57.0,Los Angeles,F,michael.anderson@mail.com,13-05-2019
James Wilson,55.0,Austin,M,james.wilson@mail.com,17-08-2024
William Anderson,19.0,,F,,09-08-2022
Joseph Smith,,Philadelphia,M,joseph.smith@mail.com,26-12-2022
Linda Thomas,62.0,New York,F,,
Karen Brown,38.0,Chicago,F,karen.brown@test.org,30-09-2023
Charles Jones,51.0,Seattle,M,charles.jones@mail.com,02-07-2020
Robert Hernandez,52.0,Houston,M,robert.hernandez@example.com,08-03-2020
Mary Rodriguez,50.0,Indianapolis,M,mary.rodriguez@test.org,10-08-2018
